label	start	end	notes
P01	0.5738789903181953	5.6884267477867	
P02	10.51347180200227	17.075533075735446	
P03	17.075533075735446	21.900578129951015	
P02	31.26116553512922	39.36724122621138	
P04	62.52745748644612	66.00148992548132	
P05	93.02174222908852	101.80332422776085	
P06	101.80332422776085	107.11087378739798	
P02	119.36648822510553	126.50755490534458	
