label	start	end	notes
P01	3.9503890525560177	7.648812002871354	
P01	10.854111893144646	12.727979521304416	
P02	22.34387919212429	23.5273745362252	
P02	24.661557574321904	25.697116000410198	
P03	45.42203840209199	48.52871368035687	
P03	49.21908596441574	52.0298874066554	
