label	start	end	notes
P01	0.8117040235504079	5.485482022618987	
P02	8.056059922106705	13.314060171058857	
P03	29.204905367892025	37.500861316238755	
P01	40.07143921572647	45.56312836463205	
P02	46.7315728643992	51.28850641349106	
P04	108.42544245210443	114.15082050096345	
P03	125.95210994861161	127.82162114823905	
P03	128.4058433981226	130.39219904772676	
P03	146.1661997945832	152.70948899327922	
