label	start	end	notes
P01	0.70174498392555	3.0095573832487315	
P02	6.683837650592218	11.02616887563452	
P03	12.514100554145518	14.487887474619292	
P04	18.131801789340106	22.808158493231815	
