label	start	end	notes
P01	20.440761771178433	29.71461470714466	longer version (+ an added move from the higher notes).
P03	79.2478998004231	83.2847534313731	
