label	start	end	notes
P01	0.6599010454801825	2.4726465927293235	
P01	9.415076348151567	10.996407570219967	
P02	30.473779939599037	31.630851565502745	
P03	38.80469564610573	40.27031970558376	
