label	start	end	notes
P01	0.37400844731123123	6.1885510451542105	
P01	25.301167917693633	30.738842013824566	
P02	48.88236845339016	56.096708343306446	
P03	65.35690581394526	70.41771140836416	
