label	start	end	notes
P01	0.43368765975267604	3.4004805892068695	
P02	4.828936444129258	6.9166796167081355	
P03	17.794920358040176	23.948268656167393	
P01	27.903992562106318	30.32137939351344	
P03	38.452589644610114	44.056531844690255	
P04	57.02251575860118	62.51657673907191	
P05	123.28089118307815	128.8848333831583	
P05	129.87376435964305	135.697468998942	
