label	start	end	notes
P01	6.417441090716812	8.768784793480489	
P02	18.900938567207607	21.16677886259806	
P02	28.648327007755213	30.74316048839922	
P01	42.115113669038095	43.91068522387581	
