label	start	end	notes
P01	0.5379257401870622	3.554699459011221	
P02	9.363114529583108	14.631211919171564	
P01	26.608253847637627	30.030265827199358	
P03	40.971698867113844	44.93402852765901	
P01	46.73508746427044	49.97699355017103	
