label	start	end	notes
P01	18.769661957121205	26.438997689689902	
P02	52.823801963676246	57.34527601496675	
P01	64.90014405003443	72.91288287510619	
