label	start	end	notes
P01	0.7082932267129952	6.103400547636846	
P02	15.470729742207928	17.960779274942013	
P03	22.763017659500605	24.185903106777225	
P02	48.13780813593366	50.627857668667744	
P03	74.8761971660068	76.7140908687391	
