label	start	end	notes
P01	0.5366380641991264	6.894569969077447	
P01	20.090277696183396	23.569146096965873	
P02	28.007702332446964	32.08637562991608	
P03	50.92024938587638	52.41976162759297	
P03	55.23884464202015	58.83767402213995	
P04	58.83767402213995	62.67642536093441	
P05	71.49355734222793	78.7511965921362	
