label	start	end	notes
P01	0	3.057302605500139	
P02	11.475047856488755	17.45790811752199	
P03	17.45790811752199	23.927745376546298	
P01	30.328014493000452	33.31944462351707	
P04	34.7803756174903	38.60662345884876	
