label	start	end	notes
P01	0.9425833544839254	6.19716224911552	
P02	6.343938195892939	10.571085463082602	
P03	10.923347735348406	13.183697315720657	
P04	26.07062544277803	27.685160857329638	
