label	start	end	notes
P01	0.33751976334585826	4.159999795987809	
P02	6.665847817386421	9.638887842774604	
P01	10.700687851841813	13.546311876141932	
P03	29.13353600924855	31.80927203209792	
P01	33.38073604551739	36.05647206836675	
P04	51.85605620328681	55.5511202348407	
