label	start	end	notes
P01	2.4941861327129344	8.895888771841792	Signature motif for Daramad in Chahargah
P01	48.95406766223226	53.264124884616045	
