label	start	end	notes
P01	10.366021604906939	11.405609734630572	
P02	27.535993295826287	30.654757684997183	
