label	start	end	notes
P01	7.209804162983998	11.18848020254204	it is more like a melody model rather than a pattern.
P01	13.306162610693901	15.873050378150703	
P01	16.57894451420132	19.27417667003096	plus a grace note at then end in a falling direction.
P01	44.22397175962813	46.75877342999172	plus added notes in the end.
