label	start	end	notes
P01	0.04511096695289342	4.191920636092761	
P02	20.708936398901148	24.47931070678229	
P02	24.47931070678229	26.584716786590523	
