label	start	end	notes
P01	5.6718597138901705	8.660987540378404	
P01	14.613474850023072	17.37068758652515	
P02	43.49448693285648	44.749244308337175	
P02	44.980383824873094	46.13608140755268	
P03	55.28260227618828	58.65063523142593	
