label	start	end	notes
P01	20.04082619981541	24.00816464641337	
P01	26.717566512382707	29.039910968927856	
P02	29.039910968927856	32.620192006101625	
P03	39.97428278516125	43.361035117622926	
P04	102.77434746423626	108.38667990088703	
